{"cameraMode":{"drawMode":0,"name":"Shaded","section":"Shading Mode"},"sceneLighting":true,"audioPlay":false,"sceneViewState":{"showFog":true,"showMaterialUpdate":false,"showSkybox":true,"showFlares":true,"showImageEffects":true,"showParticleSystems":true},"in2DMode":false,"pivot":{"x":-0.05775189399719238,"y":1.9582102298736573,"z":0.22199749946594239},"rotation":{"x":-0.06992482393980026,"y":0.9260831475257874,"z":-0.2137223780155182,"w":-0.3029927611351013},"size":4.300914764404297,"orthographic":false}